{
    "display_id": "2",
    "title": "Remove String",
    "description": {
        "format": "html",
        "value": "<p>You are given two strings call str1 and str2. If the shorter string appear in the longer string, please remove the shorter string that appear in the longer string.</p>"
    },
    "tags": [
        "String"
    ],
    "input_description": {
        "format": "html",
        "value": "<p>The first line represent str1.</p><p>The second line represent str2.</p><p>Length of str1 and str2 do not exceed 5,000.<br /></p>"
    },
    "output_description": {
        "format": "html",
        "value": "<p>The string that already remove the another one which appear in the longer string.</p>"
    },
    "test_case_score": [
        {
            "score": 50,
            "input_name": "1.in",
            "output_name": "1.out"
        },
        {
            "score": 50,
            "input_name": "2.in",
            "output_name": "2.out"
        }
    ],
    "hint": {
        "format": "html",
        "value": ""
    },
    "time_limit": 1000,
    "memory_limit": 256,
    "samples": [
        {
            "input": "boypluzplustutorplus\nplus",
            "output": "boypluztutor"
        },
        {
            "input": "plus\nboypluzplustutorplus",
            "output": "boypluztutor"
        }
    ],
    "template": {
        "Java": {
            "prepend": "",
            "template": "//Import here\nclass Main{\n  public static void main(String[] args){\n  \t//Write you code here\n  }\n}\n",
            "append": ""
        }
    },
    "spj": null,
    "rule_type": "OI",
    "source": "CS@SIT Coding http://127.0.0.1",
    "answers": []
}