{
    "display_id": "6",
    "title": "Fibonacci Series",
    "description": {
        "format": "html",
        "value": "<p>Fibonacci was an Italian mathematician from the Republic of Pisa, considered to be &quot;the most talented Western mathematician of the Middle Ages</p><p>Fibonacci numbers are named after Italian mathematician Leonardo of Pisa, later known as Fibonacci. They appear to have first arisen as early as 200 BC in work by Pingala on enumerating possible patterns of poetry formed from syllables of two lengths. In his 1202 book Liber Abaci, Fibonacci introduced the sequence to Western European mathematics,[6] although the sequence had been described earlier in Indian mathematics.</p><p>Each number in the sequence is the sum of the two numbers that precede it. So, the sequence goes: 0, 1, 1, 2, 3, 5, 8, 13, 21, 34, and so on. The mathematical equation describing it isXn+2= Xn+1 + Xn</p><p>Fibonacci numbers are strongly related to the golden ratio: Binet&#039;s formula expresses the nth Fibonacci number in terms of n and the golden ratio, and implies that the ratio of two consecutive Fibonacci numbers tends to the golden ratio as n increases.</p><p>Fibonacci numbers appear unexpectedly often in mathematics, so much so that there is an entire journal dedicated to their study, the Fibonacci Quarterly. Applications of Fibonacci numbers include computer algorithms such as the Fibonacci search technique and the Fibonacci heap data structure, and graphs called Fibonacci cubes used for interconnecting parallel and distributed systems.</p><p>They also appear in biological settings, such as branching in trees, the arrangement of leaves on a stem, the fruit sprouts of a pineapple, the flowering of an artichoke, an uncurling fern and the arrangement of a pine cone&#039;s bracts.</p><p>You are impressed with the greatness of the Fibonacci sequence. You want to find the Fibonacci sequence to\u00a0satisfied\u00a0your life. Then you write a program to find theFibonacci sequence started with 0 to N.<br /></p>"
    },
    "tags": [
        "Math"
    ],
    "input_description": {
        "format": "html",
        "value": "<p>One line represent one positive integer N.</p><p>1&lt;=N&lt;=20</p>"
    },
    "output_description": {
        "format": "html",
        "value": "<p>All theFibonacci sequence from index of 1 (which is 0) to the index of N</p>"
    },
    "test_case_score": [
        {
            "score": 10,
            "input_name": "1.in",
            "output_name": "1.out"
        },
        {
            "score": 10,
            "input_name": "2.in",
            "output_name": "2.out"
        },
        {
            "score": 10,
            "input_name": "3.in",
            "output_name": "3.out"
        },
        {
            "score": 10,
            "input_name": "4.in",
            "output_name": "4.out"
        },
        {
            "score": 10,
            "input_name": "5.in",
            "output_name": "5.out"
        },
        {
            "score": 10,
            "input_name": "6.in",
            "output_name": "6.out"
        },
        {
            "score": 10,
            "input_name": "7.in",
            "output_name": "7.out"
        },
        {
            "score": 10,
            "input_name": "8.in",
            "output_name": "8.out"
        },
        {
            "score": 10,
            "input_name": "9.in",
            "output_name": "9.out"
        },
        {
            "score": 10,
            "input_name": "10.in",
            "output_name": "10.out"
        }
    ],
    "hint": {
        "format": "html",
        "value": ""
    },
    "time_limit": 1000,
    "memory_limit": 256,
    "samples": [
        {
            "input": "5",
            "output": "0 1 1 2 3"
        },
        {
            "input": "13",
            "output": "0 1 1 2 3 5 8 13 21 34 55 89 144"
        }
    ],
    "template": {
        "Java": {
            "prepend": "",
            "template": "//Import here\nclass Main{\n  public static void main(String[] args){\n  \t//Write you code here\n  }\n}\n",
            "append": ""
        }
    },
    "spj": null,
    "rule_type": "OI",
    "source": "CS@SIT Coding http://127.0.0.1",
    "answers": []
}