{
    "display_id": "28",
    "title": "Calculator",
    "description": {
        "format": "html",
        "value": "<p>You are given two Integers and one character which is math operator ( + , - , * , / , % ) , Please calculate these numbers with this operator.</p><p>if answer can&#039;t be provided, you should print &quot;error&quot;<br /><br /></p>"
    },
    "tags": [
        "integer",
        "char"
    ],
    "input_description": {
        "format": "html",
        "value": "<p>The first line and thrid line of input is integer.</p><p>The second line in math operator which is + , - , * , / ,and % (Modulo)</p>"
    },
    "output_description": {
        "format": "html",
        "value": "<p>The only one line of output is answer of two numbers calculate by given operator.<br /></p>"
    },
    "test_case_score": [
        {
            "score": 10,
            "input_name": "1.in",
            "output_name": "1.out"
        },
        {
            "score": 10,
            "input_name": "2.in",
            "output_name": "2.out"
        },
        {
            "score": 10,
            "input_name": "3.in",
            "output_name": "3.out"
        },
        {
            "score": 10,
            "input_name": "4.in",
            "output_name": "4.out"
        },
        {
            "score": 10,
            "input_name": "5.in",
            "output_name": "5.out"
        },
        {
            "score": 10,
            "input_name": "6.in",
            "output_name": "6.out"
        },
        {
            "score": 10,
            "input_name": "7.in",
            "output_name": "7.out"
        },
        {
            "score": 10,
            "input_name": "8.in",
            "output_name": "8.out"
        },
        {
            "score": 10,
            "input_name": "9.in",
            "output_name": "9.out"
        },
        {
            "score": 10,
            "input_name": "10.in",
            "output_name": "10.out"
        }
    ],
    "hint": {
        "format": "html",
        "value": ""
    },
    "time_limit": 1000,
    "memory_limit": 256,
    "samples": [
        {
            "input": "3\n*\n5",
            "output": "15"
        },
        {
            "input": "20\n+\n3",
            "output": "23"
        }
    ],
    "template": {
        "Java": {
            "prepend": "",
            "template": "//Import here\nclass Main{\n  public static void main(String[] args){\n  \t//Write you code here\n  }\n}\n",
            "append": ""
        }
    },
    "spj": null,
    "rule_type": "OI",
    "source": "CS@SIT Coding http://127.0.0.1",
    "answers": []
}