{
    "display_id": "26",
    "title": "Asst.Prof.Dr. Chonlameth's class grouping",
    "description": {
        "format": "html",
        "value": "<p>Now, You are a first year student in Computer Science at School of Information Technology (SIT@KMUTT). In Invention and innovation class,\u00a0Asst.Prof.Dr. Chonlameth assign the students to form\u00a0 into two groups. There are N students in this class and every student has their own smartness point represent by a[i]. Asst.Prof.Dr. Chonlameth want the two groups to have same fairness, so the different of the total smartness point in each group must be minimum as possible and for each group must has at least one member.</p><p>For example N = 5 and smartness point for each students are 2,7,4,3,5</p><p>The sum of smartness point of the first group is 7+3 = 10.</p><p>The sum of smartness point of the second group is 2+4+5 = 11.</p><p>The different of the sum of all smartness point of two groups is 11-10 = 1.</p><p>So this solution to form student into two groups is the best solution possible because the different of the total smartness point in each group need to be as low as possible.</p>"
    },
    "tags": [
        "Brute forces"
    ],
    "input_description": {
        "format": "html",
        "value": "<p>There are two lines of input.</p><p>First line is one positive integer N (the number of student in class). (2&lt;=N&lt;=20)</p><p>Second line contains N positive integer represent by a[i] (the smartness point for each student). (1&lt;=a[i]&lt;=100)</p>"
    },
    "output_description": {
        "format": "html",
        "value": "<p>The only one line represent the minimum different of the total smartness point in each group.</p>"
    },
    "test_case_score": [
        {
            "score": 10,
            "input_name": "1.in",
            "output_name": "1.out"
        },
        {
            "score": 10,
            "input_name": "2.in",
            "output_name": "2.out"
        },
        {
            "score": 10,
            "input_name": "3.in",
            "output_name": "3.out"
        },
        {
            "score": 10,
            "input_name": "4.in",
            "output_name": "4.out"
        },
        {
            "score": 10,
            "input_name": "5.in",
            "output_name": "5.out"
        },
        {
            "score": 10,
            "input_name": "6.in",
            "output_name": "6.out"
        },
        {
            "score": 10,
            "input_name": "7.in",
            "output_name": "7.out"
        },
        {
            "score": 10,
            "input_name": "8.in",
            "output_name": "8.out"
        },
        {
            "score": 10,
            "input_name": "9.in",
            "output_name": "9.out"
        },
        {
            "score": 10,
            "input_name": "10.in",
            "output_name": "10.out"
        }
    ],
    "hint": {
        "format": "html",
        "value": "<p>In sample2</p><p>The sum of smartness point of the first group is 17+6+15+7 = 45.</p><p>The sum of smartness point of the second group is 17+15+11 = 43.</p><p>The different is 45-43 = 2 and it is low as possible.</p>"
    },
    "time_limit": 1000,
    "memory_limit": 256,
    "samples": [
        {
            "input": "5\n2 7 4 3 5",
            "output": "1"
        },
        {
            "input": "7\n17 15 17 11 6 15 7 ",
            "output": "2"
        }
    ],
    "template": {
        "Java": {
            "prepend": "",
            "template": "//Import here\nclass Main{\n  public static void main(String[] args){\n  \t//Write you code here\n  }\n}\n",
            "append": ""
        }
    },
    "spj": null,
    "rule_type": "OI",
    "source": "CS@SIT Coding http://127.0.0.1",
    "answers": []
}