{
    "display_id": "20",
    "title": "Pattern Mountain",
    "description": {
        "format": "html",
        "value": "<p>You are given positive integer N represent the number of mountains and the height for each mountain. Write the program to print N mountains by using &#039;*&#039; for the body of mountain and use &#039;-&#039; for the space. (look at output sample for clarity.)</p>"
    },
    "tags": [
        "Pattern"
    ],
    "input_description": {
        "format": "html",
        "value": "<p>There are two lines of input.</p><p>First line represents the number of mountains.</p><p>Second line contains N number represent the height for each mountain.</p><p>1&lt;=N&lt;=50</p><p>1&lt;=height for each mountain&lt;=50</p>"
    },
    "output_description": {
        "format": "html",
        "value": "<p>There are N lines of output for each line represent the part of every mountain.</p>"
    },
    "test_case_score": [
        {
            "score": 10,
            "input_name": "1.in",
            "output_name": "1.out"
        },
        {
            "score": 10,
            "input_name": "2.in",
            "output_name": "2.out"
        },
        {
            "score": 10,
            "input_name": "3.in",
            "output_name": "3.out"
        },
        {
            "score": 10,
            "input_name": "4.in",
            "output_name": "4.out"
        },
        {
            "score": 10,
            "input_name": "5.in",
            "output_name": "5.out"
        },
        {
            "score": 10,
            "input_name": "6.in",
            "output_name": "6.out"
        },
        {
            "score": 10,
            "input_name": "7.in",
            "output_name": "7.out"
        },
        {
            "score": 10,
            "input_name": "8.in",
            "output_name": "8.out"
        },
        {
            "score": 10,
            "input_name": "9.in",
            "output_name": "9.out"
        },
        {
            "score": 10,
            "input_name": "10.in",
            "output_name": "10.out"
        }
    ],
    "hint": {
        "format": "html",
        "value": ""
    },
    "time_limit": 1000,
    "memory_limit": 256,
    "samples": [
        {
            "input": "5\n3 5 2 7 4",
            "output": "-----------------------*-------------\n----------------------***------------\n---------*-----------*****-----------\n--------***---------*******------*---\n--*----*****-------*********----***--\n-***--*******--*--***********--*****-\n*************************************"
        }
    ],
    "template": {
        "Java": {
            "prepend": "",
            "template": "//Import here\nclass Main{\n  public static void main(String[] args){\n  \t//Write you code here\n  }\n}\n",
            "append": ""
        }
    },
    "spj": null,
    "rule_type": "OI",
    "source": "CS@SIT Coding http://127.0.0.1",
    "answers": []
}