{
    "display_id": "29",
    "title": "Every N",
    "description": {
        "format": "html",
        "value": "<p>You are given one String and one Integer. You need to print out every string at index that can be divisible by given int.</p>"
    },
    "tags": [
        "String"
    ],
    "input_description": {
        "format": "html",
        "value": "<p>One line of String which length &lt;= 1000</p><p>One line of Integer ; 0 &lt; givenInteger &lt;= 100</p>"
    },
    "output_description": {
        "format": "html",
        "value": "<p>One line of string contains character where its index is divisible by given integer.</p>"
    },
    "test_case_score": [
        {
            "score": 10,
            "input_name": "1.in",
            "output_name": "1.out"
        },
        {
            "score": 10,
            "input_name": "2.in",
            "output_name": "2.out"
        },
        {
            "score": 10,
            "input_name": "3.in",
            "output_name": "3.out"
        },
        {
            "score": 10,
            "input_name": "4.in",
            "output_name": "4.out"
        },
        {
            "score": 10,
            "input_name": "5.in",
            "output_name": "5.out"
        },
        {
            "score": 10,
            "input_name": "6.in",
            "output_name": "6.out"
        },
        {
            "score": 10,
            "input_name": "7.in",
            "output_name": "7.out"
        },
        {
            "score": 10,
            "input_name": "8.in",
            "output_name": "8.out"
        },
        {
            "score": 10,
            "input_name": "9.in",
            "output_name": "9.out"
        },
        {
            "score": 10,
            "input_name": "10.in",
            "output_name": "10.out"
        }
    ],
    "hint": {
        "format": "html",
        "value": ""
    },
    "time_limit": 1000,
    "memory_limit": 256,
    "samples": [
        {
            "input": "Tutorism is Everywhere\n3",
            "output": "TosiErhe"
        },
        {
            "input": "VueJS is da best\n4",
            "output": "VS b"
        }
    ],
    "template": {
        "Java": {
            "prepend": "",
            "template": "",
            "append": ""
        }
    },
    "spj": null,
    "rule_type": "OI",
    "source": "CS@SIT Coding http://127.0.0.1",
    "answers": []
}