{
    "display_id": "24",
    "title": "Where R U ?",
    "description": {
        "format": "html",
        "value": "<p>You are given one string and one char. Please tell us, How many this char in given string and where are they appear in string ( case insensitive ). However, if there is no char in this String, program will print out &#039;ERROR&#039;.<br /></p>"
    },
    "tags": [
        "char",
        "string"
    ],
    "input_description": {
        "format": "html",
        "value": "<p>The first line represent String.</p><p>The second line represent char.</p><p>Length of str1 do not exceed 5,000.</p>"
    },
    "output_description": {
        "format": "html",
        "value": "<p>The first line represent total amount of character in string.</p><p>The second line represent each index of character in string.</p><p>Ex: Tutorism t</p><p>2</p><p>(total amount)</p><p>0, 2</p><p>(index, index, ...)</p>"
    },
    "test_case_score": [
        {
            "score": 10,
            "input_name": "1.in",
            "output_name": "1.out"
        },
        {
            "score": 10,
            "input_name": "2.in",
            "output_name": "2.out"
        },
        {
            "score": 10,
            "input_name": "3.in",
            "output_name": "3.out"
        },
        {
            "score": 10,
            "input_name": "4.in",
            "output_name": "4.out"
        },
        {
            "score": 10,
            "input_name": "5.in",
            "output_name": "5.out"
        },
        {
            "score": 10,
            "input_name": "6.in",
            "output_name": "6.out"
        },
        {
            "score": 10,
            "input_name": "7.in",
            "output_name": "7.out"
        },
        {
            "score": 10,
            "input_name": "8.in",
            "output_name": "8.out"
        },
        {
            "score": 10,
            "input_name": "9.in",
            "output_name": "9.out"
        },
        {
            "score": 10,
            "input_name": "10.in",
            "output_name": "10.out"
        }
    ],
    "hint": {
        "format": "html",
        "value": ""
    },
    "time_limit": 1000,
    "memory_limit": 256,
    "samples": [
        {
            "input": "Tutorism\nt",
            "output": "2\n0, 2"
        },
        {
            "input": "Front-End DevelopEr\ne",
            "output": "4\n6, 11, 13, 17"
        },
        {
            "input": "ahjsdkhqh1\n8",
            "output": "ERROR"
        },
        {
            "input": "\u0e2a\u0e27\u0e31\u0e2a\u0e14\u0e35\u0e08\u0e49\u0e32\n\u0e32",
            "output": "1\n8"
        }
    ],
    "template": {
        "Java": {
            "prepend": "",
            "template": "//Import here\nclass Main{\n  public static void main(String[] args){\n  \t//Write you code here\n  }\n}\n",
            "append": ""
        }
    },
    "spj": null,
    "rule_type": "OI",
    "source": "CS@SIT Coding http://127.0.0.1",
    "answers": []
}