{
    "display_id": "7",
    "title": "Pattern Rectangle#2",
    "description": {
        "format": "html",
        "value": "<p>You are given two positive integer N and M. Output the rectangle with N rows and M columns.<br /></p>"
    },
    "tags": [
        "Pattern"
    ],
    "input_description": {
        "format": "html",
        "value": "<p style=\"margin-left: 0px;\">The only one line contains two positive integer N and M respectively.</p><p>1&lt;=N,M&lt;=500</p>"
    },
    "output_description": {
        "format": "html",
        "value": "<p>The are N lines of of output and each line represent the part of rectangle.<br /></p>"
    },
    "test_case_score": [
        {
            "score": 10,
            "input_name": "1.in",
            "output_name": "1.out"
        },
        {
            "score": 10,
            "input_name": "2.in",
            "output_name": "2.out"
        },
        {
            "score": 10,
            "input_name": "3.in",
            "output_name": "3.out"
        },
        {
            "score": 10,
            "input_name": "4.in",
            "output_name": "4.out"
        },
        {
            "score": 10,
            "input_name": "5.in",
            "output_name": "5.out"
        },
        {
            "score": 10,
            "input_name": "6.in",
            "output_name": "6.out"
        },
        {
            "score": 10,
            "input_name": "7.in",
            "output_name": "7.out"
        },
        {
            "score": 10,
            "input_name": "8.in",
            "output_name": "8.out"
        },
        {
            "score": 10,
            "input_name": "9.in",
            "output_name": "9.out"
        },
        {
            "score": 10,
            "input_name": "10.in",
            "output_name": "10.out"
        }
    ],
    "hint": {
        "format": "html",
        "value": ""
    },
    "time_limit": 1000,
    "memory_limit": 256,
    "samples": [
        {
            "input": "3 5",
            "output": "*****\n*****\n*****"
        },
        {
            "input": "4 2",
            "output": "**\n**\n**\n**"
        }
    ],
    "template": {
        "Java": {
            "prepend": "",
            "template": "//Import here\nclass Main{\n  public static void main(String[] args){\n  \t//Write you code here\n  }\n}\n",
            "append": ""
        }
    },
    "spj": null,
    "rule_type": "OI",
    "source": "CS@SIT Coding http://127.0.0.1",
    "answers": []
}