{
    "display_id": "19",
    "title": "The power of power",
    "description": {
        "format": "html",
        "value": "<p>Write the program to calculate (a^b)mod m for q quries. For example, a=2, b=7, and m=5</p><p>a^b(mod m)\u00a0 = 2^7(mod 5)</p><p>= 128(mod 5)</p><p>= 3</p>"
    },
    "tags": [
        "Math",
        "Divide and conquer"
    ],
    "input_description": {
        "format": "html",
        "value": "<p>First line represent the number of quries q (1&lt;=q&lt;=10,000).</p><p>Then q lines follow. The i-th (1&lt;=i&lt;=q) line contain three integer a, b, and m.</p><p>1&lt;=a,b&lt;=1,000,000</p><p>1&lt;=m&lt;=1,000,000,007</p>"
    },
    "output_description": {
        "format": "html",
        "value": "<p>For each query output (a^b)mod m.</p>"
    },
    "test_case_score": [
        {
            "score": 10,
            "input_name": "1.in",
            "output_name": "1.out"
        },
        {
            "score": 10,
            "input_name": "2.in",
            "output_name": "2.out"
        },
        {
            "score": 10,
            "input_name": "3.in",
            "output_name": "3.out"
        },
        {
            "score": 10,
            "input_name": "4.in",
            "output_name": "4.out"
        },
        {
            "score": 10,
            "input_name": "5.in",
            "output_name": "5.out"
        },
        {
            "score": 10,
            "input_name": "6.in",
            "output_name": "6.out"
        },
        {
            "score": 10,
            "input_name": "7.in",
            "output_name": "7.out"
        },
        {
            "score": 10,
            "input_name": "8.in",
            "output_name": "8.out"
        },
        {
            "score": 10,
            "input_name": "9.in",
            "output_name": "9.out"
        },
        {
            "score": 10,
            "input_name": "10.in",
            "output_name": "10.out"
        }
    ],
    "hint": {
        "format": "html",
        "value": ""
    },
    "time_limit": 1000,
    "memory_limit": 256,
    "samples": [
        {
            "input": "3\n2 7 5\n3 6 10\n2 102937 1000000007",
            "output": "3\n9\n768613556"
        }
    ],
    "template": {
        "Java": {
            "prepend": "",
            "template": "//Import here\nclass Main{\n  public static void main(String[] args){\n  \t//Write you code here\n  }\n}\n",
            "append": ""
        }
    },
    "spj": null,
    "rule_type": "OI",
    "source": "CS@SIT Coding http://127.0.0.1",
    "answers": []
}