{
    "display_id": "11",
    "title": "Pattern Cube",
    "description": {
        "format": "html",
        "value": "<p>You are given one integer N that is the length for each side of cube. Output this cube by using &#039;*&#039; for the border of cube and use &#039;-&#039; for</p><p>the other part of cube.<br /></p>"
    },
    "tags": [
        "Pattern"
    ],
    "input_description": {
        "format": "html",
        "value": "<p>The only one line represent one positive integer N.</p><p>3&lt;=N&lt;=50</p>"
    },
    "output_description": {
        "format": "html",
        "value": "<p>There are 2n-1 lines of output and each line represent the part of cube.<br /><br /></p>"
    },
    "test_case_score": [
        {
            "score": 10,
            "input_name": "1.in",
            "output_name": "1.out"
        },
        {
            "score": 10,
            "input_name": "2.in",
            "output_name": "2.out"
        },
        {
            "score": 10,
            "input_name": "3.in",
            "output_name": "3.out"
        },
        {
            "score": 10,
            "input_name": "4.in",
            "output_name": "4.out"
        },
        {
            "score": 10,
            "input_name": "5.in",
            "output_name": "5.out"
        },
        {
            "score": 10,
            "input_name": "6.in",
            "output_name": "6.out"
        },
        {
            "score": 10,
            "input_name": "7.in",
            "output_name": "7.out"
        },
        {
            "score": 10,
            "input_name": "8.in",
            "output_name": "8.out"
        },
        {
            "score": 10,
            "input_name": "9.in",
            "output_name": "9.out"
        },
        {
            "score": 10,
            "input_name": "10.in",
            "output_name": "10.out"
        }
    ],
    "hint": {
        "format": "html",
        "value": ""
    },
    "time_limit": 1000,
    "memory_limit": 256,
    "samples": [
        {
            "input": "5",
            "output": "----*****\n---*---**\n--*---*-*\n-*---*--*\n*****---*\n*---*--*\n*---*-*\n*---**\n*****"
        },
        {
            "input": "8",
            "output": "-------********\n------*------**\n-----*------*-*\n----*------*--*\n---*------*---*\n--*------*----*\n-*------*-----*\n********------*\n*------*-----*\n*------*----*\n*------*---*\n*------*--*\n*------*-*\n*------**\n********"
        }
    ],
    "template": {
        "Java": {
            "prepend": "",
            "template": "//Import here\nclass Main{\n  public static void main(String[] args){\n  \t//Write you code here\n  }\n}\n",
            "append": ""
        }
    },
    "spj": null,
    "rule_type": "OI",
    "source": "CS@SIT Coding http://127.0.0.1",
    "answers": []
}