{
    "display_id": "25",
    "title": "Step Back",
    "description": {
        "format": "html",
        "value": "<p>You are give two Integers, return step back of the greater integer to smaller integer. (seperate by white space (&quot; &quot;))</p><p>Ex.</p><p>2</p><p>5</p><p>5 5 4 5 4 3 5 4 3 2</p>"
    },
    "tags": [
        "loops"
    ],
    "input_description": {
        "format": "html",
        "value": "<p>The both lines of inputs are Integer which is not sorted.</p><p>Its can be smaller or greater come first.</p>"
    },
    "output_description": {
        "format": "html",
        "value": "<p>The only one line of output is StepBack from greater int to smaller int seperated by whitespace(&quot; &quot;).<br /></p>"
    },
    "test_case_score": [
        {
            "score": 10,
            "input_name": "1.in",
            "output_name": "1.out"
        },
        {
            "score": 10,
            "input_name": "2.in",
            "output_name": "2.out"
        },
        {
            "score": 10,
            "input_name": "3.in",
            "output_name": "3.out"
        },
        {
            "score": 10,
            "input_name": "4.in",
            "output_name": "4.out"
        },
        {
            "score": 10,
            "input_name": "5.in",
            "output_name": "5.out"
        },
        {
            "score": 10,
            "input_name": "6.in",
            "output_name": "6.out"
        },
        {
            "score": 10,
            "input_name": "7.in",
            "output_name": "7.out"
        },
        {
            "score": 10,
            "input_name": "8.in",
            "output_name": "8.out"
        },
        {
            "score": 10,
            "input_name": "9.in",
            "output_name": "9.out"
        },
        {
            "score": 10,
            "input_name": "10.in",
            "output_name": "10.out"
        }
    ],
    "hint": {
        "format": "html",
        "value": ""
    },
    "time_limit": 1000,
    "memory_limit": 256,
    "samples": [
        {
            "input": "20\n15",
            "output": "20 20 19 20 19 18 20 19 18 17 20 19 18 17 16 20 19 18 17 16 15"
        },
        {
            "input": "3\n3",
            "output": "3"
        },
        {
            "input": "1\n4",
            "output": "4 4 3 4 3 2 4 3 2 1"
        }
    ],
    "template": {
        "Java": {
            "prepend": "",
            "template": "//Import here\nclass Main{\n  public static void main(String[] args){\n  \t//Write you code here\n  }\n}\n",
            "append": ""
        }
    },
    "spj": null,
    "rule_type": "OI",
    "source": "CS@SIT Coding http://127.0.0.1",
    "answers": []
}