{
    "display_id": "1",
    "title": "Median#1",
    "description": {
        "format": "html",
        "value": "<p>You are given three distinct integer call a, b, and c (all of three integers are different). Find the median of a, b, and c.</p>"
    },
    "tags": [
        "Implement"
    ],
    "input_description": {
        "format": "html",
        "value": "<p>The only one line contains three distinct integer a, b, and c.</p><p>-1,000,000,000&lt;=a,b,c&lt;=1,000,000,000</p>"
    },
    "output_description": {
        "format": "html",
        "value": "<p>One integer represent the median of a, b, and c.</p>"
    },
    "test_case_score": [
        {
            "score": 10,
            "input_name": "1.in",
            "output_name": "1.out"
        },
        {
            "score": 10,
            "input_name": "2.in",
            "output_name": "2.out"
        },
        {
            "score": 10,
            "input_name": "3.in",
            "output_name": "3.out"
        },
        {
            "score": 10,
            "input_name": "4.in",
            "output_name": "4.out"
        },
        {
            "score": 10,
            "input_name": "5.in",
            "output_name": "5.out"
        },
        {
            "score": 10,
            "input_name": "6.in",
            "output_name": "6.out"
        },
        {
            "score": 10,
            "input_name": "7.in",
            "output_name": "7.out"
        },
        {
            "score": 10,
            "input_name": "8.in",
            "output_name": "8.out"
        },
        {
            "score": 10,
            "input_name": "9.in",
            "output_name": "9.out"
        },
        {
            "score": 10,
            "input_name": "10.in",
            "output_name": "10.out"
        }
    ],
    "hint": {
        "format": "html",
        "value": ""
    },
    "time_limit": 1000,
    "memory_limit": 256,
    "samples": [
        {
            "input": "-1 4 3",
            "output": "3"
        },
        {
            "input": "2 3 1",
            "output": "2"
        }
    ],
    "template": {
        "Java": {
            "prepend": "",
            "template": "//Import here\nclass Main{\n  public static void main(String[] args){\n  \t//Write you code here\n  }\n}\n",
            "append": ""
        }
    },
    "spj": null,
    "rule_type": "OI",
    "source": "CS@SIT Coding http://127.0.0.1",
    "answers": [
        {
            "language": "Java",
            "code": "import java.util.Scanner;\nclass Main{\n  public static void main(String[] args){\n    Scanner sc = new Scanner(System.in);\n  \tint a = sc.nextInt();\n    int b = sc.nextInt();\n    int c = sc.nextInt();\n    int mx = a;\n    if(b>mx){ mx = b;}\n    if(c>mx){ mx = c;}\n    int mn = a;\n    if(b<mn){ mn = b;}\n    if(c<mn){ mn = c;}\n    int ans = a;\n    if(b!=mx && b!=mn){ ans = b;}\n    if(c!=mx && c!=mn){ans = c;}\n    System.out.println(ans);\n  }\n}"
        }
    ]
}