{
    "display_id": "3",
    "title": "Factorial",
    "description": {
        "format": "html",
        "value": "<p>Given one positive integer N. Find the factorial of that positive integer.</p>"
    },
    "tags": [
        "Implement"
    ],
    "input_description": {
        "format": "html",
        "value": "<p>One positive integer N that 1&lt;=N&lt;=20</p>"
    },
    "output_description": {
        "format": "html",
        "value": "<p>Factorial of N</p>"
    },
    "test_case_score": [
        {
            "score": 25,
            "input_name": "1.in",
            "output_name": "1.out"
        },
        {
            "score": 25,
            "input_name": "2.in",
            "output_name": "2.out"
        },
        {
            "score": 25,
            "input_name": "3.in",
            "output_name": "3.out"
        },
        {
            "score": 25,
            "input_name": "4.in",
            "output_name": "4.out"
        }
    ],
    "hint": {
        "format": "html",
        "value": "<p>If you stuck and get &quot;Partial Accepted&quot;. Remember that 1&lt;=N&lt;=20 and try to put 20 for the input and look at the output.</p>"
    },
    "time_limit": 1000,
    "memory_limit": 256,
    "samples": [
        {
            "input": "6",
            "output": "720"
        },
        {
            "input": "12",
            "output": "479001600"
        }
    ],
    "template": {
        "Java": {
            "prepend": "",
            "template": "//Import here\nclass Main{\n  public static void main(String[] args){\n  \t//Write you code here\n  }\n}\n",
            "append": ""
        }
    },
    "spj": null,
    "rule_type": "OI",
    "source": "CS@SIT Coding http://127.0.0.1",
    "answers": []
}