{
    "display_id": "23",
    "title": "Grading#1",
    "description": {
        "format": "html",
        "value": "<p>You were running in the SIT building and accidentally run into P&#039;Pop and he drops his lovely MacBook Pro. Because of that, you have to be his assistance due to him losing all his data on the laptop. The first thing you have to do is write the program the compute the grade for your classmate. This is a very easy one which P&#039;Pop could magically finish it in just 5 seconds. But, the point of having a slave oh, sorry an assistant is that he wants to be doing something else. So, the task must be yours. In this semester there is only 4 range of grading. A, B, C, and D.</p><p>This is how the grading should work.</p><p><img alt=\"Webp.net-resizeimage.png\" src=\"/public/upload/fd152941f0.png\" width=\"490\" height=\"258\" /><br /></p><p>if the score is between 0-49 inclusive that means you got an F.</p>"
    },
    "tags": [
        "Implement"
    ],
    "input_description": {
        "format": "html",
        "value": "<p>The only input is the score that you want to grade. which is 0&lt;=score&lt;=100</p>"
    },
    "output_description": {
        "format": "html",
        "value": "<p>The grade that you get.</p>"
    },
    "test_case_score": [
        {
            "score": 13,
            "input_name": "1.in",
            "output_name": "1.out"
        },
        {
            "score": 13,
            "input_name": "2.in",
            "output_name": "2.out"
        },
        {
            "score": 13,
            "input_name": "3.in",
            "output_name": "3.out"
        },
        {
            "score": 13,
            "input_name": "4.in",
            "output_name": "4.out"
        },
        {
            "score": 13,
            "input_name": "5.in",
            "output_name": "5.out"
        },
        {
            "score": 13,
            "input_name": "6.in",
            "output_name": "6.out"
        },
        {
            "score": 13,
            "input_name": "7.in",
            "output_name": "7.out"
        },
        {
            "score": 13,
            "input_name": "8.in",
            "output_name": "8.out"
        }
    ],
    "hint": {
        "format": "html",
        "value": ""
    },
    "time_limit": 1000,
    "memory_limit": 256,
    "samples": [
        {
            "input": "95",
            "output": "A"
        },
        {
            "input": "63",
            "output": "C"
        },
        {
            "input": "24",
            "output": "F"
        }
    ],
    "template": {
        "Java": {
            "prepend": "",
            "template": "//Import here\nclass Main{\n  public static void main(String[] args){\n  \t//Write you code here\n  }\n}\n",
            "append": ""
        }
    },
    "spj": null,
    "rule_type": "OI",
    "source": "CS@SIT Coding http://127.0.0.1",
    "answers": [
        {
            "language": "Java",
            "code": "import java.util.Scanner;\nclass Main{\n  public static void main(String[] args){\n  \t//Write you code here\n    Scanner sc = new Scanner(System.in);\n    int score = sc.nextInt();\n    if(score>=90 && score<=100) System.out.println(\"A\");\n    if(score>=80 && score<=89) System.out.println(\"B\");\n    if(score>=60 && score<=79) System.out.println(\"C\");\n    if(score>=50 && score<=59) System.out.println(\"D\");\n    if(score>=0 && score<=49) System.out.println(\"F\");\n  }\n}"
        }
    ]
}