{
    "display_id": "18",
    "title": "Raising Bacteria",
    "description": {
        "format": "html",
        "value": "<p>You are a lover of bacteria. You want to raise some bacteria in a box.</p><p>Initially, the box is empty. Each morning, you can put any number of bacteria into the box. And each night, every bacterium in the box will split into two bacteria. You hope to see exactly X bacteria in the box at some moment.</p><p>What is the minimum number of bacteria you need to put into the box across those days?</p>"
    },
    "tags": [
        "Math"
    ],
    "input_description": {
        "format": "html",
        "value": "<p>The only line containing one integer X.<br /></p><p>1&lt;=X&lt;=1,000,000,000</p>"
    },
    "output_description": {
        "format": "html",
        "value": "<p>The only line containing one integer: the answer.<br /></p>"
    },
    "test_case_score": [
        {
            "score": 10,
            "input_name": "1.in",
            "output_name": "1.out"
        },
        {
            "score": 10,
            "input_name": "2.in",
            "output_name": "2.out"
        },
        {
            "score": 10,
            "input_name": "3.in",
            "output_name": "3.out"
        },
        {
            "score": 10,
            "input_name": "4.in",
            "output_name": "4.out"
        },
        {
            "score": 10,
            "input_name": "5.in",
            "output_name": "5.out"
        },
        {
            "score": 10,
            "input_name": "6.in",
            "output_name": "6.out"
        },
        {
            "score": 10,
            "input_name": "7.in",
            "output_name": "7.out"
        },
        {
            "score": 10,
            "input_name": "8.in",
            "output_name": "8.out"
        },
        {
            "score": 10,
            "input_name": "9.in",
            "output_name": "9.out"
        },
        {
            "score": 10,
            "input_name": "10.in",
            "output_name": "10.out"
        }
    ],
    "hint": {
        "format": "html",
        "value": "<p>For the first sample, we can add one bacterium in the box in the first day morning and at the third morning there will be 4 bacteria in the box. Now we put one more resulting 5 in the box. We added 2 bacteria in the process so the answer is 2.</p><p>For the second sample, we can put one in the first morning and in the 4-th morning there will be 8 in the box. So the answer is 1.</p>"
    },
    "time_limit": 1000,
    "memory_limit": 256,
    "samples": [
        {
            "input": "5",
            "output": "2"
        },
        {
            "input": "8",
            "output": "1"
        },
        {
            "input": "13",
            "output": "3"
        }
    ],
    "template": {
        "Java": {
            "prepend": "",
            "template": "//Import here\nclass Main{\n  public static void main(String[] args){\n  \t//Write you code here\n  }\n}\n",
            "append": ""
        }
    },
    "spj": null,
    "rule_type": "OI",
    "source": "CS@SIT Coding http://127.0.0.1",
    "answers": []
}