{
    "display_id": "9",
    "title": "Train bomb",
    "description": {
        "format": "html",
        "value": "<p>You are on a vacation. You are taking the train from China to Russia. Unfortunately, the train that you are taking has a boom. The terrorist left the message that there is a bomb on one of the carts. Although the passengers are freaking out, you remain calm. Because you are the greatest programmer of all time. There is no time wasted for the panic attack. You take your laptop out of your backpack and start coding. You want to find out which train cart would be safe to stay. The bomb has a range of one train carts. For example, if the bomb is placed in cart 5. Cart 4,5,6 will get destroy together. You want to find where you can stay safe and continue your glory programmer life.<br /></p>"
    },
    "tags": [
        "Implement"
    ],
    "input_description": {
        "format": "html",
        "value": "<p>There are 2 input.</p><p>First one is number of the train cart.</p><p>The second one is which number of train cart that the bomb is placed.</p><p><br /></p><p>Every input is more than 1 and less than 2,000,000,000</p>"
    },
    "output_description": {
        "format": "html",
        "value": "<p>The output shows which train cart will be safe.</p><p>Print &quot;DIE&quot; if no train cart that safe.</p>"
    },
    "test_case_score": [
        {
            "score": 14,
            "input_name": "1.in",
            "output_name": "1.out"
        },
        {
            "score": 14,
            "input_name": "2.in",
            "output_name": "2.out"
        },
        {
            "score": 14,
            "input_name": "3.in",
            "output_name": "3.out"
        },
        {
            "score": 14,
            "input_name": "4.in",
            "output_name": "4.out"
        },
        {
            "score": 14,
            "input_name": "5.in",
            "output_name": "5.out"
        },
        {
            "score": 14,
            "input_name": "6.in",
            "output_name": "6.out"
        },
        {
            "score": 14,
            "input_name": "7.in",
            "output_name": "7.out"
        }
    ],
    "hint": {
        "format": "html",
        "value": ""
    },
    "time_limit": 1000,
    "memory_limit": 256,
    "samples": [
        {
            "input": "6\n3",
            "output": "1 5 6"
        },
        {
            "input": "10\n1\n",
            "output": "3 4 5 6 7 8 9 10"
        },
        {
            "input": "3\n2",
            "output": "DIE"
        }
    ],
    "template": {
        "Java": {
            "prepend": "",
            "template": "//Import here\nclass Main{\n  public static void main(String[] args){\n  \t//Write you code here\n  }\n}\n",
            "append": ""
        }
    },
    "spj": null,
    "rule_type": "OI",
    "source": "CS@SIT Coding http://127.0.0.1",
    "answers": []
}