{
    "display_id": "33",
    "title": "Pattern Diamond",
    "description": {
        "format": "html",
        "value": "<p>You are given one positive integer N. Write the program to output the diamond with height 2N-1 lines by using &#039;*&#039; for the body of diamond and use &#039;-&#039; for the white space.(look at sample output for clarity)</p>"
    },
    "tags": [
        "Pattern"
    ],
    "input_description": {
        "format": "html",
        "value": "<p style=\"margin-left: 0px;\">The only one line represent positive integer N.</p><p>(1&lt;=N&lt;=200)</p>"
    },
    "output_description": {
        "format": "html",
        "value": "<p>There are 2N-1 lines of output for each line represents the part of diamond.<br /></p>"
    },
    "test_case_score": [
        {
            "score": 10,
            "input_name": "1.in",
            "output_name": "1.out"
        },
        {
            "score": 10,
            "input_name": "2.in",
            "output_name": "2.out"
        },
        {
            "score": 10,
            "input_name": "3.in",
            "output_name": "3.out"
        },
        {
            "score": 10,
            "input_name": "4.in",
            "output_name": "4.out"
        },
        {
            "score": 10,
            "input_name": "5.in",
            "output_name": "5.out"
        },
        {
            "score": 10,
            "input_name": "6.in",
            "output_name": "6.out"
        },
        {
            "score": 10,
            "input_name": "7.in",
            "output_name": "7.out"
        },
        {
            "score": 10,
            "input_name": "8.in",
            "output_name": "8.out"
        },
        {
            "score": 10,
            "input_name": "9.in",
            "output_name": "9.out"
        },
        {
            "score": 10,
            "input_name": "10.in",
            "output_name": "10.out"
        }
    ],
    "hint": {
        "format": "html",
        "value": ""
    },
    "time_limit": 1000,
    "memory_limit": 256,
    "samples": [
        {
            "input": "3",
            "output": "--*--\n-***-\n*****\n-***-\n--*--"
        },
        {
            "input": "5",
            "output": "----*----\n---***---\n--*****--\n-*******-\n*********\n-*******-\n--*****--\n---***---\n----*----"
        }
    ],
    "template": {
        "Java": {
            "prepend": "",
            "template": "//Import here\nclass Main{\n  public static void main(String[] args){\n  \t//Write you code here\n  }\n}\n",
            "append": ""
        }
    },
    "spj": null,
    "rule_type": "OI",
    "source": "CS@SIT Coding http://127.0.0.1",
    "answers": []
}