{
    "display_id": "5",
    "title": "Prime Number#1",
    "description": {
        "format": "html",
        "value": "<p>Given the positive integer N and check that is prime number or not.<br /></p>"
    },
    "tags": [
        "Math"
    ],
    "input_description": {
        "format": "html",
        "value": "<p>The only one line represent one positive integer N.</p><p>1&lt;=N&lt;=2,147,483,647</p>"
    },
    "output_description": {
        "format": "html",
        "value": "<p>Output &quot;Yes&quot; if N is prime number and&quot;No&quot; if N is not prime number.</p>"
    },
    "test_case_score": [
        {
            "score": 10,
            "input_name": "1.in",
            "output_name": "1.out"
        },
        {
            "score": 10,
            "input_name": "2.in",
            "output_name": "2.out"
        },
        {
            "score": 10,
            "input_name": "3.in",
            "output_name": "3.out"
        },
        {
            "score": 10,
            "input_name": "4.in",
            "output_name": "4.out"
        },
        {
            "score": 10,
            "input_name": "5.in",
            "output_name": "5.out"
        },
        {
            "score": 10,
            "input_name": "6.in",
            "output_name": "6.out"
        },
        {
            "score": 10,
            "input_name": "7.in",
            "output_name": "7.out"
        },
        {
            "score": 10,
            "input_name": "8.in",
            "output_name": "8.out"
        },
        {
            "score": 10,
            "input_name": "9.in",
            "output_name": "9.out"
        },
        {
            "score": 10,
            "input_name": "10.in",
            "output_name": "10.out"
        }
    ],
    "hint": {
        "format": "html",
        "value": "<p>If you got time limit exceed, try to input a large number such as 1,000,000,000 then what happen with your program?</p>"
    },
    "time_limit": 1000,
    "memory_limit": 256,
    "samples": [
        {
            "input": "10",
            "output": "No"
        },
        {
            "input": "17",
            "output": "Yes"
        }
    ],
    "template": {
        "Java": {
            "prepend": "",
            "template": "//Import here\nclass Main{\n  public static void main(String[] args){\n  \t//Write you code here\n  }\n}\n",
            "append": ""
        }
    },
    "spj": null,
    "rule_type": "OI",
    "source": "CS@SIT Coding http://127.0.0.1",
    "answers": []
}