{
    "display_id": "12",
    "title": "Hello World",
    "description": {
        "format": "html",
        "value": "<p>Write the program to input the username then print the message &quot;Hello, &quot; follow by the username and full stop (.).</p><p>Ex.the username is &quot;Elon Musk&quot; then the output is &quot;Hello, Elon Musk.&quot;</p>"
    },
    "tags": [
        "Implement"
    ],
    "input_description": {
        "format": "html",
        "value": "<p>The only one line of input represent the name of user. (username might be contained white space (&#039; &#039;) )</p><p>Length of username does not exceed 10,000.</p>"
    },
    "output_description": {
        "format": "html",
        "value": "<p>The only one line of output is &quot;Hello, &quot; follow by username and full stop.</p>"
    },
    "test_case_score": [
        {
            "score": 20,
            "input_name": "1.in",
            "output_name": "1.out"
        },
        {
            "score": 20,
            "input_name": "2.in",
            "output_name": "2.out"
        },
        {
            "score": 20,
            "input_name": "3.in",
            "output_name": "3.out"
        },
        {
            "score": 20,
            "input_name": "4.in",
            "output_name": "4.out"
        },
        {
            "score": 20,
            "input_name": "5.in",
            "output_name": "5.out"
        }
    ],
    "hint": {
        "format": "html",
        "value": ""
    },
    "time_limit": 1000,
    "memory_limit": 256,
    "samples": [
        {
            "input": "Elon Musk",
            "output": "Hello, Elon Musk."
        },
        {
            "input": "Thanaphon",
            "output": "Hello, Thanaphon."
        }
    ],
    "template": {
        "Java": {
            "prepend": "",
            "template": "//Import here\nclass Main{\n  public static void main(String[] args){\n  \t//Write you code here\n  }\n}\n",
            "append": ""
        }
    },
    "spj": null,
    "rule_type": "OI",
    "source": "CS@SIT Coding http://127.0.0.1",
    "answers": []
}