{
    "display_id": "15",
    "title": "CSC102 Quiz1 Mr.John Wick",
    "description": {
        "format": "html",
        "value": "<p>Mr.John wick would like to increase his luck to find his victim. To enhance his luck, he wears a shirt with a lucky color according to the day of week. The lucky colors for each day of week are listed in the table. Please write a program to help him find a lucky color of his giving day by using a switch case statement.<br /></p><p><img alt=\"Screen Shot 2019-09-07 at 9.56.29 AM.png\" src=\"/public/upload/9b6cc3665d.png\" width=\"500\" height=\"201.25\" /><br /></p><p>Other invalid inputs, please output &quot;Input is invalid&quot;.<br /></p>"
    },
    "tags": [
        "Implement"
    ],
    "input_description": {
        "format": "html",
        "value": "<p>The only one line represent his giving day or other input.<br /></p><p>Input might contain &#039; &#039; (space).</p><p>Length of input does not exceed 1,000.</p>"
    },
    "output_description": {
        "format": "html",
        "value": "<p>If the input does not follow the according day, please output &quot;Input is invalid&quot;.<br /></p><p>There are two lines of output.</p><p>First line is fortune color of his giving day.</p><p>Second line is unfortunate color of his giving day.</p>"
    },
    "test_case_score": [
        {
            "score": 10,
            "input_name": "1.in",
            "output_name": "1.out"
        },
        {
            "score": 10,
            "input_name": "2.in",
            "output_name": "2.out"
        },
        {
            "score": 10,
            "input_name": "3.in",
            "output_name": "3.out"
        },
        {
            "score": 10,
            "input_name": "4.in",
            "output_name": "4.out"
        },
        {
            "score": 10,
            "input_name": "5.in",
            "output_name": "5.out"
        },
        {
            "score": 10,
            "input_name": "6.in",
            "output_name": "6.out"
        },
        {
            "score": 10,
            "input_name": "7.in",
            "output_name": "7.out"
        },
        {
            "score": 10,
            "input_name": "8.in",
            "output_name": "8.out"
        },
        {
            "score": 10,
            "input_name": "9.in",
            "output_name": "9.out"
        },
        {
            "score": 10,
            "input_name": "10.in",
            "output_name": "10.out"
        }
    ],
    "hint": {
        "format": "html",
        "value": ""
    },
    "time_limit": 1000,
    "memory_limit": 256,
    "samples": [
        {
            "input": "Wednesday",
            "output": "Fortune : Black, Brown, Gray\nUnfortunate : Pink"
        },
        {
            "input": "Monday",
            "output": "Fortune : Purple\nUnfortunate : Red"
        }
    ],
    "template": {
        "Java": {
            "prepend": "",
            "template": "//Import here\nclass Main{\n  public static void main(String[] args){\n  \t//Write you code here\n  }\n}\n",
            "append": ""
        }
    },
    "spj": null,
    "rule_type": "OI",
    "source": "CS@SIT Coding http://127.0.0.1",
    "answers": []
}