{
    "display_id": "22",
    "title": "Sum of Alphabet",
    "description": {
        "format": "html",
        "value": "<p>You are given 1 String then return in Integer which is sum of Alphabet Sequence ( a=1, b=2, c=3,..., z=26 ) minus by index ( Case Insensitive ).</p><p>Ex. Tutor = 84</p><p>T\u00a0 \u00a0 \u00a0 \u00a0 \u00a0 \u00a0 \u00a0 U\u00a0 \u00a0 \u00a0 \u00a0 \u00a0 \u00a0 T\u00a0 \u00a0 \u00a0 \u00a0 \u00a0 \u00a0 \u00a0 O\u00a0 \u00a0 \u00a0 \u00a0 \u00a0 \u00a0 \u00a0R</p><p>( 20-0 ) + ( 21-1 ) + ( 20-2 ) + ( 15-3 ) +( 18-4 )</p>"
    },
    "tags": [
        "Character"
    ],
    "input_description": {
        "format": "html",
        "value": "<p>The only one line of input represent the random string. (this string might be contained &#039; &#039; (space) )</p><p>Length of string does not exceed 10,000.</p>"
    },
    "output_description": {
        "format": "html",
        "value": "<p>The only one line of output is Sum of Alphabet Sequence minus by index.<br /></p>"
    },
    "test_case_score": [
        {
            "score": 10,
            "input_name": "1.in",
            "output_name": "1.out"
        },
        {
            "score": 10,
            "input_name": "2.in",
            "output_name": "2.out"
        },
        {
            "score": 10,
            "input_name": "3.in",
            "output_name": "3.out"
        },
        {
            "score": 10,
            "input_name": "4.in",
            "output_name": "4.out"
        },
        {
            "score": 10,
            "input_name": "5.in",
            "output_name": "5.out"
        },
        {
            "score": 10,
            "input_name": "6.in",
            "output_name": "6.out"
        },
        {
            "score": 10,
            "input_name": "7.in",
            "output_name": "7.out"
        },
        {
            "score": 10,
            "input_name": "8.in",
            "output_name": "8.out"
        },
        {
            "score": 10,
            "input_name": "9.in",
            "output_name": "9.out"
        },
        {
            "score": 10,
            "input_name": "10.in",
            "output_name": "10.out"
        }
    ],
    "hint": {
        "format": "html",
        "value": ""
    },
    "time_limit": 1000,
    "memory_limit": 256,
    "samples": [
        {
            "input": "Tutor",
            "output": "84"
        },
        {
            "input": "python",
            "output": "83"
        },
        {
            "input": "Tas ArE HandSoMe!",
            "output": "33"
        }
    ],
    "template": {
        "Java": {
            "prepend": "",
            "template": "//Import here\nclass Main{\n  public static void main(String[] args){\n  \t//Write you code here\n  }\n}\n",
            "append": ""
        }
    },
    "spj": null,
    "rule_type": "OI",
    "source": "CS@SIT Coding http://127.0.0.1",
    "answers": []
}