{
    "display_id": "14",
    "title": "CSC102 Quiz1 Minutes",
    "description": {
        "format": "html",
        "value": "<p>Write the program to convert minutes to number of years and days with the assumption that one year has 365 days. For example, if the given input is: 4541656, the result should return: 8 233 (8 years and 233 days).<br /></p>"
    },
    "tags": [
        "Math"
    ],
    "input_description": {
        "format": "html",
        "value": "<p>One positive integer N represent the minutes that you have to convert to years and days.<br /></p><p>0&lt;=N&lt;=1,000,000,000</p>"
    },
    "output_description": {
        "format": "html",
        "value": "<p>Two integer represent years and days.</p>"
    },
    "test_case_score": [
        {
            "score": 10,
            "input_name": "1.in",
            "output_name": "1.out"
        },
        {
            "score": 10,
            "input_name": "2.in",
            "output_name": "2.out"
        },
        {
            "score": 10,
            "input_name": "3.in",
            "output_name": "3.out"
        },
        {
            "score": 10,
            "input_name": "4.in",
            "output_name": "4.out"
        },
        {
            "score": 10,
            "input_name": "5.in",
            "output_name": "5.out"
        },
        {
            "score": 10,
            "input_name": "6.in",
            "output_name": "6.out"
        },
        {
            "score": 10,
            "input_name": "7.in",
            "output_name": "7.out"
        },
        {
            "score": 10,
            "input_name": "8.in",
            "output_name": "8.out"
        },
        {
            "score": 10,
            "input_name": "9.in",
            "output_name": "9.out"
        },
        {
            "score": 10,
            "input_name": "10.in",
            "output_name": "10.out"
        }
    ],
    "hint": {
        "format": "html",
        "value": ""
    },
    "time_limit": 1000,
    "memory_limit": 256,
    "samples": [
        {
            "input": "4541656",
            "output": "8 233"
        },
        {
            "input": "78963321",
            "output": "150 85"
        },
        {
            "input": "1920",
            "output": "0 1"
        },
        {
            "input": "3425667 ",
            "output": "6 188"
        },
        {
            "input": "7825670",
            "output": "14 324"
        }
    ],
    "template": {
        "Java": {
            "prepend": "",
            "template": "//Import here\nclass Main{\n  public static void main(String[] args){\n  \t//Write you code here\n  }\n}\n",
            "append": ""
        }
    },
    "spj": null,
    "rule_type": "OI",
    "source": "CS@SIT Coding http://127.0.0.1",
    "answers": []
}