{
    "display_id": "27",
    "title": "Grading#2",
    "description": {
        "format": "html",
        "value": "<p>After you finish your grading task in just a minute. P\u2019POP just gave you another task which is harder because he just wants to see you suffer and lost in the world of computer programming. This time, it\u2019s grading program again, but slightly different. In CSC102 we use what are we called Norm-referenced Grading. Because your boss is P\u2019POP, The only thing that he tells you is that he wants the grade to be A, B, C, D, and F.</p><p>This is how to grading work.</p><p><strong>MEAN</strong>is the average of the score that user input</p><p><strong>S.D.</strong>(standard deviation) is a measure that is used to quantify the amount of variation or dispersion of a set of data values.</p><p>This is the range of grading.</p><p><img alt=\"Normal-distribution1.jpg\" src=\"/public/upload/998c2e4af6.jpg\" width=\"800\" height=\"800.8\" /><br /></p>"
    },
    "tags": [
        "arrays",
        "loop"
    ],
    "input_description": {
        "format": "html",
        "value": "<p>The first input is &#039;N&#039;, which is number of student in the class. 1&lt;=N&lt;=1000</p><p>From 2 to N is the input of score of each student in the class which has a range from 0 to 100</p>"
    },
    "output_description": {
        "format": "html",
        "value": "<p>The grade of each student that him/she get.</p>"
    },
    "test_case_score": [
        {
            "score": 10,
            "input_name": "1.in",
            "output_name": "1.out"
        },
        {
            "score": 10,
            "input_name": "2.in",
            "output_name": "2.out"
        },
        {
            "score": 10,
            "input_name": "3.in",
            "output_name": "3.out"
        },
        {
            "score": 10,
            "input_name": "4.in",
            "output_name": "4.out"
        },
        {
            "score": 10,
            "input_name": "5.in",
            "output_name": "5.out"
        },
        {
            "score": 10,
            "input_name": "6.in",
            "output_name": "6.out"
        },
        {
            "score": 10,
            "input_name": "7.in",
            "output_name": "7.out"
        },
        {
            "score": 10,
            "input_name": "8.in",
            "output_name": "8.out"
        },
        {
            "score": 10,
            "input_name": "9.in",
            "output_name": "9.out"
        },
        {
            "score": 10,
            "input_name": "10.in",
            "output_name": "10.out"
        }
    ],
    "hint": {
        "format": "html",
        "value": ""
    },
    "time_limit": 1000,
    "memory_limit": 256,
    "samples": [
        {
            "input": "6\n10 83 28 58 23 8",
            "output": "C B C C C C"
        }
    ],
    "template": {
        "Java": {
            "prepend": "",
            "template": "//Import here\nclass Main{\n  public static void main(String[] args){\n  \t//Write you code here\n  }\n}\n",
            "append": ""
        }
    },
    "spj": null,
    "rule_type": "OI",
    "source": "CS@SIT Coding http://127.0.0.1",
    "answers": []
}